{"properties":{"connectionReferences":{"shared_pgc-5fconnectordocs-5fa3acafc5e2c2c0da":{"runtimeSource":"invoker","connection":{"connectionReferenceLogicalName":"pgc_sharedpgc5fconnectordocs5fa3acafc5e2c2c0da_f7ba2"},"api":{"name":"shared_pgc-5Fconnectordocs-5Fa3acafc5e2c2c0da","logicalName":"pgc_5Fconnectordocs"}}},"definition":{"$schema":"https://schema.management.azure.com/providers/Microsoft.Logic/schemas/2016-06-01/workflowdefinition.json#","contentVersion":"1.0.0.0","parameters":{"$connections":{"defaultValue":{},"type":"Object"},"$authentication":{"defaultValue":{},"type":"SecureObject"}},"triggers":{"manual":{"type":"Request","kind":"Button","inputs":{"schema":{"type":"object","properties":{},"required":[]}}}},"actions":{"Get_the_actions_on_connectors":{"runAfter":{},"type":"OpenApiConnection","inputs":{"host":{"connectionName":"shared_pgc-5fconnectordocs-5fa3acafc5e2c2c0da","operationId":"ScrapeConnectors","apiId":""},"parameters":{"body/SelectedConnectors":["mynonexistantconnector"]},"authentication":{"type":"Raw","value":"@json(decodeBase64(triggerOutputs().headers['X-MS-APIM-Tokens']))['$ConnectionKey']"}}}},"outputs":{}}},"schemaVersion":"1.0.0.0"}