{"swagger":"2.0","info":{"title":"OpenAPI Document on Azure Functions","version":"1.0.0"},"host":"funcdeprecatedactionsblog.azurewebsites.net","basePath":"/api","schemes":["https"],"paths":{"/ScrapeConnectors":{"post":{"tags":["default"],"summary":"Get Actions","description":"Gets the actions and their deprecation status for one or more custom connectors","operationId":"ScrapeConnectors","consumes":["application/json"],"produces":["application/json"],"parameters":[{"in":"body","name":"body","required":true,"schema":{"$ref":"#/definitions/scrapeConnectorsRequest"}}],"responses":{"200":{"description":"The actions/operations within a connector and the status thereof","schema":{"type":"array","items":{"$ref":"#/definitions/connectorInfo"}},"x-ms-summary":"Connector information"}},"security":[{"function_key":[]}],"x-ms-visibility":"important"}},"/ScrapeConnectorsStatus/instance/{instanceId}":{"get":{"tags":["default"],"summary":"Get Status of Durable Function","description":"Gets the status of a durable function","operationId":"ScrapeConnectorsStatus","parameters":[{"in":"path","name":"instanceId","required":true,"type":"string"}],"responses":{"200":{"description":"default"}},"x-ms-visibility":"internal"}}},"definitions":{"actionInfo":{"type":"object","properties":{"operationId":{"type":"string"},"name":{"type":"string"},"description":{"type":"string"},"anchor":{"type":"string"},"isDeprecated":{"type":"boolean"}}},"connectorInfo":{"type":"object","properties":{"uniqueName":{"type":"string"},"documentationUrl":{"type":"string"},"actions":{"type":"array","items":{"$ref":"#/definitions/actionInfo"}}}},"scrapeConnectorsRequest":{"type":"object","properties":{"selectedConnectors":{"type":"array","items":{"type":"string"}}}}},"securityDefinitions":{"function_key":{"type":"apiKey","name":"x-functions-key","in":"header"}}}