<ImportExportXml xmlns:xsi="http://www.w3.org/2001/XMLSchema-instance">
  <Entities></Entities>
  <Roles></Roles>
  <Workflows></Workflows>
  <FieldSecurityProfiles></FieldSecurityProfiles>
  <Templates />
  <EntityMaps />
  <EntityRelationships />
  <OrganizationSettings />
  <optionsets />
  <CustomControls />
  <EntityDataProviders />
  <Connectors>
    <Connector>
      <connectorid>10b1fbcc-a16f-4c2c-aa67-47e9ccccd99a</connectorid>
      <description></description>
      <displayname>ConnectorDocs</displayname>
      <iconbrandcolor>#007ee5</iconbrandcolor>
      <name>pgc_5Fconnectordocs</name>
      <connectortype>1</connectortype>
      <openapidefinition>/Connector/pgc_5Fconnectordocs_openapidefinition.json</openapidefinition>
      <connectionparameters>/Connector/pgc_5Fconnectordocs_connectionparameters.json</connectionparameters>
      <policytemplateinstances>/Connector/pgc_5Fconnectordocs_policytemplateinstances.json</policytemplateinstances>
      <iconblob>/Connector/pgc_5Fconnectordocs_iconblob.Png</iconblob>
    </Connector>
  </Connectors>
  <Languages>
    <Language>1033</Language>
  </Languages>
</ImportExportXml>