{"properties":{"connectionReferences":{"shared_pgc-5fconnectordocs-5fa3acafc5e2c2c0da":{"runtimeSource":"invoker","connection":{"connectionReferenceLogicalName":"pgc_sharedpgc5fconnectordocs5fa3acafc5e2c2c0da_f7ba2"},"api":{"name":"shared_pgc-5Fconnectordocs-5Fa3acafc5e2c2c0da","logicalName":"pgc_5Fconnectordocs"}}},"definition":{"$schema":"https://schema.management.azure.com/providers/Microsoft.Logic/schemas/2016-06-01/workflowdefinition.json#","contentVersion":"1.0.0.0","parameters":{"$connections":{"defaultValue":{},"type":"Object"},"$authentication":{"defaultValue":{},"type":"SecureObject"}},"triggers":{"manual":{"type":"Request","kind":"Button","inputs":{"schema":{"type":"object","properties":{},"required":[]}}}},"actions":{"Get_the_actions_on_connectors":{"runAfter":{},"type":"OpenApiConnection","inputs":{"host":{"connectionName":"shared_pgc-5fconnectordocs-5fa3acafc5e2c2c0da","operationId":"ScrapeConnectors","apiId":""},"parameters":{"body/SelectedConnectors":["excelonlinebusiness","365training"]},"authentication":{"type":"Raw","value":"@json(decodeBase64(triggerOutputs().headers['X-MS-APIM-Tokens']))['$ConnectionKey']"}}},"Terminate_if_not_successful":{"actions":{"Terminate":{"runAfter":{},"type":"Terminate","inputs":{"runStatus":"Failed"}}},"runAfter":{"Get_the_actions_on_connectors":["Succeeded"]},"expression":{"not":{"equals":["@outputs('Get_the_actions_on_connectors')?['body']?['runtimeStatus']","Completed"]}},"type":"If","description":"outputs('Get_the_actions_on_connectors')?['body']?['runtimeStatus']"},"Parse_JSON":{"runAfter":{"Terminate_if_not_successful":["Succeeded"]},"type":"ParseJson","inputs":{"content":"@outputs('Get_the_actions_on_connectors')?['body']?['output']","schema":{"type":"array","items":{"type":"object","properties":{"UniqueName":{"type":"string"},"DocumentationUrl":{"type":"string"},"Actions":{"type":"array","items":{"type":"object","properties":{"OperationId":{"type":"string"},"Name":{"type":"string"},"Description":{"type":"string"},"Anchor":{"type":"string"},"IsDeprecated":{"type":"boolean"}},"required":["OperationId","Name","Description","Anchor","IsDeprecated"]}}},"required":["UniqueName","DocumentationUrl","Actions"]}}},"description":"outputs('Get_the_actions_on_connectors')?['body']?['output']"}},"outputs":{}}},"schemaVersion":"1.0.0.0"}