{"swagger":"2.0","info":{"title":"ConnectorDocsManual","description":"","version":"1.0"},"host":"funcdeprecatedactionsblog.azurewebsites.net","basePath":"/api","schemes":["https"],"consumes":[],"produces":[],"paths":{"/ScrapeConnectors":{"post":{"responses":{"default":{"description":"default","schema":{}}},"summary":"Get Actions","operationId":"ScrapeConnectors","description":"Get the actions for a passed array of connectors","x-ms-visibility":"important","parameters":[{"name":"body","in":"body","required":false,"schema":{"type":"object","properties":{"SelectedConnectors":{"type":"array","items":{"type":"string"},"description":"SelectedConnectors"}}}}]}},"/ScrapeConnectorsStatus/instance/{instanceId}":{"get":{"responses":{"default":{"description":"default","schema":{}}},"operationId":"ScrapeConnectorsStatus","summary":"Scrape Connector Status","x-ms-visibility":"internal","parameters":[{"name":"instanceId","in":"path","required":true,"type":"string"}]}}},"definitions":{},"parameters":{},"responses":{},"securityDefinitions":{"api_key":{"type":"apiKey","in":"header","name":"x-authorisation-key"}},"security":[],"tags":[]}